Date,Search,Interest_MA4,is_fashion_week
2020-01-19,48.0,50.75,False
2020-01-26,45.0,48.25,False
2020-02-02,47.0,47.25,False
2020-02-09,49.0,47.25,False
2020-02-16,50.0,47.75,False
2020-02-23,46.0,48.0,True
2020-03-01,47.0,48.0,True
2020-03-08,41.0,46.0,False
2020-03-15,37.0,42.75,False
2020-03-22,35.0,40.0,False
2020-03-29,36.0,37.25,False
2020-04-05,37.0,36.25,False
2020-04-12,38.0,36.5,False
2020-04-19,38.0,37.25,False
2020-04-26,43.0,39.0,False
2020-05-03,42.0,40.25,False
2020-05-10,41.0,41.0,False
2020-05-17,46.0,43.0,False
2020-05-24,44.0,43.25,False
2020-05-31,42.0,43.25,False
2020-06-07,43.0,43.75,False
2020-06-14,45.0,43.5,False
2020-06-21,45.0,43.75,False
2020-06-28,52.0,46.25,False
2020-07-05,48.0,47.5,False
2020-07-12,53.0,49.5,False
2020-07-19,54.0,51.75,False
2020-07-26,50.0,51.25,False
2020-08-02,51.0,52.0,False
2020-08-09,51.0,51.5,False
2020-08-16,49.0,50.25,False
2020-08-23,51.0,50.5,False
2020-08-30,58.0,52.25,False
2020-09-06,57.0,53.75,False
2020-09-13,59.0,56.25,False
2020-09-20,55.0,57.25,False
2020-09-27,55.0,56.5,True
2020-10-04,57.0,56.5,True
2020-10-11,57.0,56.0,False
2020-10-18,55.0,56.0,False
2020-10-25,52.0,55.25,False
2020-11-01,49.0,53.25,False
2020-11-08,52.0,52.0,False
2020-11-15,55.0,52.0,False
2020-11-22,59.0,53.75,False
2020-11-29,56.0,55.5,False
2020-12-06,61.0,57.75,False
2020-12-13,57.0,58.25,False
2020-12-20,65.0,59.75,False
2020-12-27,67.0,62.5,False
2021-01-03,55.0,61.0,False
2021-01-10,63.0,62.5,False
2021-01-17,79.0,66.0,False
2021-01-24,66.0,65.75,False
2021-01-31,59.0,66.75,False
2021-02-07,67.0,67.75,False
2021-02-14,76.0,67.0,False
2021-02-21,63.0,66.25,False
2021-02-28,56.0,65.5,True
2021-03-07,57.0,63.0,True
2021-03-14,53.0,57.25,False
2021-03-21,52.0,54.5,False
2021-03-28,51.0,53.25,False
2021-04-04,51.0,51.75,False
2021-04-11,54.0,52.0,False
2021-04-18,63.0,54.75,False
2021-04-25,61.0,57.25,False
2021-05-02,57.0,58.75,False
2021-05-09,56.0,59.25,False
2021-05-16,52.0,56.5,False
2021-05-23,59.0,56.0,False
2021-05-30,58.0,56.25,False
2021-06-06,53.0,55.5,False
2021-06-13,55.0,56.25,False
2021-06-20,60.0,56.5,False
2021-06-27,58.0,56.5,False
2021-07-04,59.0,58.0,False
2021-07-11,57.0,58.5,False
2021-07-18,58.0,58.0,False
2021-07-25,56.0,57.5,False
2021-08-01,57.0,57.0,False
2021-08-08,56.0,56.75,False
2021-08-15,58.0,56.75,False
2021-08-22,58.0,57.25,False
2021-08-29,60.0,58.0,False
2021-09-05,62.0,59.5,False
2021-09-12,65.0,61.25,False
2021-09-19,64.0,62.75,False
2021-09-26,63.0,63.5,True
2021-10-03,60.0,63.0,True
2021-10-10,61.0,62.0,False
2021-10-17,61.0,61.25,False
2021-10-24,60.0,60.5,False
2021-10-31,62.0,61.0,False
2021-11-07,66.0,62.25,False
2021-11-14,64.0,63.0,False
2021-11-21,73.0,66.25,False
2021-11-28,75.0,69.5,False
2021-12-05,74.0,71.5,False
2021-12-12,74.0,74.0,False
2021-12-19,82.0,76.25,False
2021-12-26,81.0,77.75,False
2022-01-02,79.0,79.0,False
2022-01-09,74.0,79.0,False
2022-01-16,68.0,75.5,False
2022-01-23,67.0,72.0,False
2022-01-30,68.0,69.25,False
2022-02-06,71.0,68.5,False
2022-02-13,71.0,69.25,False
2022-02-20,70.0,70.0,False
2022-02-27,72.0,71.0,True
2022-03-06,68.0,70.25,True
2022-03-13,71.0,70.25,False
2022-03-20,68.0,69.75,False
2022-03-27,68.0,68.75,False
2022-04-03,66.0,68.25,False
2022-04-10,71.0,68.25,False
2022-04-17,72.0,69.25,False
2022-04-24,73.0,70.5,False
2022-05-01,82.0,74.5,False
2022-05-08,94.0,80.25,False
2022-05-15,74.0,80.75,False
2022-05-22,72.0,80.5,False
2022-05-29,71.0,77.75,False
2022-06-05,73.0,72.5,False
2022-06-12,72.0,72.0,False
2022-06-19,73.0,72.25,False
2022-06-26,71.0,72.25,False
2022-07-03,71.0,71.75,False
2022-07-10,71.0,71.5,False
2022-07-17,73.0,71.5,False
2022-07-24,74.0,72.25,False
2022-07-31,75.0,73.25,False
2022-08-07,73.0,73.75,False
2022-08-14,79.0,75.25,False
2022-08-21,73.0,75.0,False
2022-08-28,72.0,74.25,False
2022-09-04,70.0,73.5,False
2022-09-11,72.0,71.75,False
2022-09-18,73.0,71.75,False
2022-09-25,75.0,72.5,True
2022-10-02,74.0,73.5,True
2022-10-09,74.0,74.0,False
2022-10-16,70.0,73.25,False
2022-10-23,73.0,72.75,False
2022-10-30,69.0,71.5,False
2022-11-06,69.0,70.25,False
2022-11-13,76.0,71.75,False
2022-11-20,79.0,73.25,False
2022-11-27,75.0,74.75,False
2022-12-04,79.0,77.25,False
2022-12-11,82.0,78.75,False
2022-12-18,91.0,81.75,False
2022-12-25,96.0,87.0,False
2023-01-01,82.0,87.75,False
2023-01-08,81.0,87.5,False
2023-01-15,75.0,83.5,False
2023-01-22,69.0,76.75,False
2023-01-29,71.0,74.0,False
2023-02-05,70.0,71.25,False
2023-02-12,68.0,69.5,False
2023-02-19,73.0,70.5,False
2023-02-26,67.0,69.5,True
2023-03-05,68.0,69.0,True
2023-03-12,68.0,69.0,False
2023-03-19,73.0,69.0,False
2023-03-26,75.0,71.0,False
2023-04-02,71.0,71.75,False
2023-04-09,76.0,73.75,False
2023-04-16,75.0,74.25,False
2023-04-23,73.0,73.75,False
2023-04-30,78.0,75.5,False
2023-05-07,75.0,75.25,False
2023-05-14,73.0,74.75,False
2023-05-21,78.0,76.0,False
2023-05-28,76.0,75.5,False
2023-06-04,74.0,75.25,False
2023-06-11,75.0,75.75,False
2023-06-18,76.0,75.25,False
2023-06-25,80.0,76.25,False
2023-07-02,77.0,77.0,False
2023-07-09,81.0,78.5,False
2023-07-16,78.0,79.0,False
2023-07-23,75.0,77.75,False
2023-07-30,77.0,77.75,False
2023-08-06,76.0,76.5,False
2023-08-13,72.0,75.0,False
2023-08-20,73.0,74.5,False
2023-08-27,74.0,73.75,False
2023-09-03,72.0,72.75,False
2023-09-10,71.0,72.5,False
2023-09-17,78.0,73.75,False
2023-09-24,78.0,74.75,False
2023-10-01,77.0,76.0,False
2023-10-08,74.0,76.75,False
2023-10-15,73.0,75.5,False
2023-10-22,68.0,73.0,False
2023-10-29,73.0,72.0,False
2023-11-05,82.0,74.0,False
2023-11-12,79.0,75.5,False
2023-11-19,86.0,80.0,False
2023-11-26,85.0,83.0,False
2023-12-03,87.0,84.25,False
2023-12-10,89.0,86.75,False
2023-12-17,92.0,88.25,False
2023-12-24,100.0,92.0,False
2023-12-31,86.0,91.75,False
